URL,ImproperDate,Date,River,District,State,lat,long
https://sandwatch.envmonitoring.in/published-page/caseReports?id=693fe3834fe9098cae5001da,"Tapi river - Surat, Gujarat - 13th December 2025",13 Dec 2025,Tapi,Surat,Gujarat,21.273833,73.504573
https://sandwatch.envmonitoring.in/published-page/caseReports?id=69243221c1321690e89ed23f,"Ken River - Banda, Uttar Pradesh, 15th November 2025",15 Nov 2025,Ken,Banda,Uttar Pradesh,25.746567,80.453335
https://sandwatch.envmonitoring.in/published-page/caseReports?id=690f36b292f6285121a228d8,"Tamas River - Rewa, Madhya Pradesh - 25 Oct 2025",25 Oct 2025,Tamas (Tamsa),Rewa,Madhya Pradesh,24.956509,81.48905
https://sandwatch.envmonitoring.in/published-page/caseReports?id=68d77dc83e6c1068c9836665,"Sunhera Bridge, Panna District, MP - Ken River - 14th June 2024",14 Jun 2025,Ken,Panna,Madhya Pradesh,25.0073521,80.2360685
https://sandwatch.envmonitoring.in/published-page/caseReports?id=685e793c7a9c1c000b30acd0,"River Tamas - Rewa, Madhya Pradesh - 2nd June 2025",2 Jun 2025,Tamas (Tamsa),Rewa,Madhya Pradesh,24.94908,81.506613
https://sandwatch.envmonitoring.in/published-page/caseReports?id=68a96ef07413d2000c11ab9f,"River Chambal - Morena, 1st June 2025",1 Jun 2025,Chambal,Morena,Madhya Pradesh,26.658876,77.908561
https://sandwatch.envmonitoring.in/published-page/caseReports?id=682d80714c8d83000b2e4e43,"River Ken - Sandi, Banda, Uttar Pradesh - 15th May 2025",15 May 2025,Ken,Banda,Uttar Pradesh,25.703884,80.315708
https://sandwatch.envmonitoring.in/published-page/caseReports?id=68230ee0892407000bc8264d,"Ken River - Banda, Uttar Pradesh - 21st March 2025",21 Mar 2025,Ken,Banda,Uttar Pradesh,25.490301,80.309159
https://sandwatch.envmonitoring.in/published-page/caseReports?id=67d9102e492bd6000b4a5b2e,"Yamuna River - Dakpatthar, Himachal Pradesh - 17th March 2025",17 Mar 2025,Yamuna,Sirmaur,Himachal Pradesh,30.503505,77.784876
https://sandwatch.envmonitoring.in/published-page/caseReports?id=6901fe3f59d94d4abb2656d0,"Ganga River - Katihar, Bihar - February 19, 2025",19 Feb 2025,Ganga,Katihar,Bihar,25.394092,87.558856
https://sandwatch.envmonitoring.in/published-page/caseReports?id=6901fe3f59d94d4abb2656cc,"Ganga River - Katihar, Bihar - February 19, 2025",19 Feb 2025,Ganga,Katihar,Bihar,25.410408,87.372579
https://sandwatch.envmonitoring.in/published-page/caseReports?id=6901fe3f59d94d4abb2656c8,"Ganga River - Bhagalpur, Bihar - February 19, 2025",19 Feb 2025,Ganga,Bhagalpur,Bihar,25.372184,87.337609
https://sandwatch.envmonitoring.in/published-page/caseReports?id=6901fe3f59d94d4abb2656c4,"Ganga River - Bhagalpur, Bihar - February 19, 2025",19 Feb 2025,Ganga,Bhagalpur,Bihar,25.3374339999999,87.2566779999999
https://sandwatch.envmonitoring.in/published-page/caseReports?id=6901fe3f59d94d4abb2656bc,"Ganga River - Bhagalpur, Bihar - February 18, 2025",18 Feb 2025,Ganga,Bhagalpur,Bihar,25.261258,87.2239799999999
https://sandwatch.envmonitoring.in/published-page/caseReports?id=6901fe3f59d94d4abb2656b0,"Ganga River - Bhagalpur, Bihar - February 18, 2025",18 Feb 2025,Ganga,Bhagalpur,Bihar,25.26076,87.04979
https://sandwatch.envmonitoring.in/published-page/caseReports?id=6901fe3f59d94d4abb2656a8,"Ganga River - Bhagalpur, Bihar - February 18, 2025",18 Feb 2025,Ganga,Bhagalpur,Bihar,25.30142,87.02491
https://sandwatch.envmonitoring.in/published-page/caseReports?id=6901fe3f59d94d4abb265694,"Ganga River - Munger, Bihar - February 17, 2025",17 Feb 2025,Ganga,Munger,Bihar,25.251505,86.724725
https://sandwatch.envmonitoring.in/published-page/caseReports?id=67b33dd6933664000be5dcd9,"Bhutahi Balan River - Phulparas, Madhubani - 17th Feb 2025",17 Feb 2025,Bhutahi Balan,Madhubani,Bihar,26.351984,86.508526
https://sandwatch.envmonitoring.in/published-page/caseReports?id=6901fe3f59d94d4abb26568c,"Ganga River - Begusarai, Bihar - February 16, 2025",16 Feb 2025,Ganga,Begusarai,Bihar,25.3422799999999,86.1768
https://sandwatch.envmonitoring.in/published-page/caseReports?id=6901fe3f59d94d4abb265688,"Ganga River - Lakhisarai, Bihar - February 16, 2025",16 Feb 2025,Ganga,Lakhisarai,Bihar,25.304109,86.104121
https://sandwatch.envmonitoring.in/published-page/caseReports?id=6901fe3f59d94d4abb265684,"Ganga River - Patna, Bihar - February 16, 2025",16 Feb 2025,Ganga,Patna,Bihar,25.370194,86.007637
https://sandwatch.envmonitoring.in/published-page/caseReports?id=6901fe3e59d94d4abb265680,"Ganga River - Patna, Bihar - February 15, 2025",15 Feb 2025,Ganga,Patna,Bihar,25.373483,85.9972649999999
https://sandwatch.envmonitoring.in/published-page/caseReports?id=6901fe3e59d94d4abb26567c,"Ganga River - Patna, Bihar - February 15, 2025",15 Feb 2025,Ganga,Patna,Bihar,25.3746739999999,85.995631
https://sandwatch.envmonitoring.in/published-page/caseReports?id=6901fe3e59d94d4abb265678,"Ganga River - Patna, Bihar - February 15, 2025",15 Feb 2025,Ganga,Patna,Bihar,25.3875819999999,85.97906
https://sandwatch.envmonitoring.in/published-page/caseReports?id=6901fe3e59d94d4abb265674,"Ganga River - Begusarai, Bihar - February 15, 2025",15 Feb 2025,Ganga,Begusarai,Bihar,25.4260979999999,85.930436
https://sandwatch.envmonitoring.in/published-page/caseReports?id=6901fe3e59d94d4abb26566c,"Ganga River - Begusarai, Bihar - February 15, 2025",15 Feb 2025,Ganga,Begusarai,Bihar,25.4951809999999,85.9035769999999
https://sandwatch.envmonitoring.in/published-page/caseReports?id=6901fe3e59d94d4abb265668,"Ganga River - Patna, Bihar - February 15, 2025",15 Feb 2025,Ganga,Patna,Bihar,25.5309719999999,85.790941
https://sandwatch.envmonitoring.in/published-page/caseReports?id=6901fe3e59d94d4abb265644,"Ganga River - Samastipur, Bihar - February 15, 2025",15 Feb 2025,Ganga,Samastipur,Bihar,25.508312,85.5460419999999
https://sandwatch.envmonitoring.in/published-page/caseReports?id=6901fe3e59d94d4abb265638,"Ganga River - Patna, Bihar - February 15, 2025",15 Feb 2025,Ganga,Patna,Bihar,25.488208,85.4511949999999
https://sandwatch.envmonitoring.in/published-page/caseReports?id=6901fe3e59d94d4abb26562c,"Ganga River - Patna, Bihar - February 14, 2025",14 Feb 2025,Ganga,Patna,Bihar,25.509025,85.4261929999999
https://sandwatch.envmonitoring.in/published-page/caseReports?id=6901fe3e59d94d4abb265620,"Ganga River - Patna, Bihar - February 14, 2025",14 Feb 2025,Ganga,Patna,Bihar,25.5089959999999,85.3287519999999
https://sandwatch.envmonitoring.in/published-page/caseReports?id=6901fe3e59d94d4abb265618,"Ganga River - Patna, Bihar - February 14, 2025",14 Feb 2025,Ganga,Patna,Bihar,25.5101629999999,85.3183209999999
https://sandwatch.envmonitoring.in/published-page/caseReports?id=6901fe3e59d94d4abb265610,"Ganga River - Patna, Bihar - February 14, 2025",14 Feb 2025,Ganga,Patna,Bihar,25.526976,85.292753
https://sandwatch.envmonitoring.in/published-page/caseReports?id=6901fe3e59d94d4abb26560c,"Ganga River - Patna, Bihar - February 14, 2025",14 Feb 2025,Ganga,Patna,Bihar,25.549678,85.2816289999999
https://sandwatch.envmonitoring.in/published-page/caseReports?id=6901fe3e59d94d4abb265608,"Ganga River - Patna, Bihar - February 14, 2025",14 Feb 2025,Ganga,Patna,Bihar,25.550184,85.2816179999999
https://sandwatch.envmonitoring.in/published-page/caseReports?id=6901fe3e59d94d4abb265604,"Ganga River - Vaishali, Bihar - February 14, 2025",14 Feb 2025,Ganga,Vaishali,Bihar,25.559833,85.281874
https://sandwatch.envmonitoring.in/published-page/caseReports?id=6901fe3e59d94d4abb265600,"Ganga River - Vaishali, Bihar - February 14, 2025",14 Feb 2025,Ganga,Vaishali,Bihar,25.564159,85.2813239999999
https://sandwatch.envmonitoring.in/published-page/caseReports?id=6901fe3e59d94d4abb2655fc,"Ganga River - Patna, Bihar - February 14, 2025",14 Feb 2025,Ganga,Patna,Bihar,25.5879289999999,85.256596
https://sandwatch.envmonitoring.in/published-page/caseReports?id=6901fe3e59d94d4abb2655f8,"Ganga River - Patna, Bihar - February 14, 2025",14 Feb 2025,Ganga,Patna,Bihar,25.595641,85.244999
https://sandwatch.envmonitoring.in/published-page/caseReports?id=6901fe3e59d94d4abb2655f4,"Ganga River - Patna, Bihar - February 14, 2025",14 Feb 2025,Ganga,Patna,Bihar,25.599205,85.239029
https://sandwatch.envmonitoring.in/published-page/caseReports?id=6901fe3e59d94d4abb2655e8,"Ganga River - Patna, Bihar - February 14, 2025",14 Feb 2025,Ganga,Patna,Bihar,25.6148549999999,85.205431
https://sandwatch.envmonitoring.in/published-page/caseReports?id=6901fe3e59d94d4abb2655e4,"Ganga River - Patna, Bihar - February 13, 2025",13 Feb 2025,Ganga,Patna,Bihar,25.6159339999999,85.2040719999999
https://sandwatch.envmonitoring.in/published-page/caseReports?id=6901fe3e59d94d4abb2655dc,"Ganga River - Patna, Bihar - February 13, 2025",13 Feb 2025,Ganga,Patna,Bihar,25.6245249999999,85.171293
https://sandwatch.envmonitoring.in/published-page/caseReports?id=6901fe3e59d94d4abb2655d4,"Ganga River - Patna, Bihar - February 13, 2025",13 Feb 2025,Ganga,Patna,Bihar,25.658809,85.1071029999999
https://sandwatch.envmonitoring.in/published-page/caseReports?id=6901fe3e59d94d4abb2655d0,"Ganga River - Patna, Bihar - February 13, 2025",13 Feb 2025,Ganga,Patna,Bihar,25.656583,85.0913099999999
https://sandwatch.envmonitoring.in/published-page/caseReports?id=6901fe3e59d94d4abb2655c0,"Ganga River - Patna, Bihar - February 13, 2025",13 Feb 2025,Ganga,Patna,Bihar,25.653835,85.081181
https://sandwatch.envmonitoring.in/published-page/caseReports?id=6901fe3e59d94d4abb2655b8,"Ganga River - Patna, Bihar - February 13, 2025",13 Feb 2025,Ganga,Patna,Bihar,25.653776,85.080955
https://sandwatch.envmonitoring.in/published-page/caseReports?id=6901fe3e59d94d4abb2655b0,"Ganga River - Patna, Bihar - February 13, 2025",13 Feb 2025,Ganga,Patna,Bihar,25.6539999999999,85.0625189999999
https://sandwatch.envmonitoring.in/published-page/caseReports?id=6901fe3e59d94d4abb2655a8,"Ganga River - Patna, Bihar - February 13, 2025",13 Feb 2025,Ganga,Patna,Bihar,25.6558939999999,85.0559109999999
https://sandwatch.envmonitoring.in/published-page/caseReports?id=6901fe3e59d94d4abb2655a4,"Ganga River - Patna, Bihar - February 13, 2025",13 Feb 2025,Ganga,Patna,Bihar,25.658709,85.0502019999999
https://sandwatch.envmonitoring.in/published-page/caseReports?id=6901fe3e59d94d4abb26559c,"Ganga River - Patna, Bihar - February 13, 2025",13 Feb 2025,Ganga,Patna,Bihar,25.6643979999999,85.0441749999999
https://sandwatch.envmonitoring.in/published-page/caseReports?id=6901fe3e59d94d4abb265598,"Ganga River - Patna, Bihar - February 13, 2025",13 Feb 2025,Ganga,Patna,Bihar,25.666174,85.0420569999999
https://sandwatch.envmonitoring.in/published-page/caseReports?id=6901fe3e59d94d4abb265594,"Ganga River - Patna, Bihar - February 13, 2025",13 Feb 2025,Ganga,Patna,Bihar,25.666913,85.041133
https://sandwatch.envmonitoring.in/published-page/caseReports?id=6901fe3e59d94d4abb265590,"Ganga River - Patna, Bihar - February 13, 2025",13 Feb 2025,Ganga,Patna,Bihar,25.6706959999999,85.035988
https://sandwatch.envmonitoring.in/published-page/caseReports?id=6901fe3e59d94d4abb26558c,"Ganga River - Patna, Bihar - February 13, 2025",13 Feb 2025,Ganga,Patna,Bihar,25.6730039999999,85.0323929999999
https://sandwatch.envmonitoring.in/published-page/caseReports?id=6901fe3e59d94d4abb265588,"Ganga River - Patna, Bihar - February 13, 2025",13 Feb 2025,Ganga,Patna,Bihar,25.673344,85.0202749999999
https://sandwatch.envmonitoring.in/published-page/caseReports?id=6901fe3e59d94d4abb265580,"Ganga River - Patna, Bihar - February 13, 2025",13 Feb 2025,Ganga,Patna,Bihar,25.666294,84.976207
https://sandwatch.envmonitoring.in/published-page/caseReports?id=6901fe3e59d94d4abb26557c,"Ganga River - Patna, Bihar - February 13, 2025",13 Feb 2025,Ganga,Patna,Bihar,25.6657809999999,84.972339
https://sandwatch.envmonitoring.in/published-page/caseReports?id=6901fe3e59d94d4abb265578,"Ganga River - Patna, Bihar - February 13, 2025",13 Feb 2025,Ganga,Patna,Bihar,25.6655459999999,84.9683009999999
https://sandwatch.envmonitoring.in/published-page/caseReports?id=6901fe3e59d94d4abb265574,"Ganga River - Patna, Bihar - February 13, 2025",13 Feb 2025,Ganga,Patna,Bihar,25.6651699999999,84.9668879999999
https://sandwatch.envmonitoring.in/published-page/caseReports?id=6901fe3e59d94d4abb265570,"Ganga River - Patna, Bihar - February 13, 2025",13 Feb 2025,Ganga,Patna,Bihar,25.6633339999999,84.960875
https://sandwatch.envmonitoring.in/published-page/caseReports?id=6901fe3e59d94d4abb26556c,"Ganga River - Patna, Bihar - February 13, 2025",13 Feb 2025,Ganga,Patna,Bihar,25.6622869999999,84.957175
https://sandwatch.envmonitoring.in/published-page/caseReports?id=6901fe3e59d94d4abb265568,"Ganga River - Patna, Bihar - February 13, 2025",13 Feb 2025,Ganga,Patna,Bihar,25.661992,84.9558099999999
https://sandwatch.envmonitoring.in/published-page/caseReports?id=6901fe3e59d94d4abb265564,"Ganga River - Patna, Bihar - February 13, 2025",13 Feb 2025,Ganga,Patna,Bihar,25.6603619999999,84.9496599999999
https://sandwatch.envmonitoring.in/published-page/caseReports?id=6901fe3e59d94d4abb265560,"Ganga River - Patna, Bihar - February 13, 2025",13 Feb 2025,Ganga,Patna,Bihar,25.6603029999999,84.9443579999999
https://sandwatch.envmonitoring.in/published-page/caseReports?id=6901fe3e59d94d4abb26555c,"Ganga River - Patna, Bihar - February 13, 2025",13 Feb 2025,Ganga,Patna,Bihar,25.660128,84.9405749999999
https://sandwatch.envmonitoring.in/published-page/caseReports?id=6901fe3e59d94d4abb265558,"Ganga River - Patna, Bihar - February 13, 2025",13 Feb 2025,Ganga,Patna,Bihar,25.6596119999999,84.9363599999999
https://sandwatch.envmonitoring.in/published-page/caseReports?id=6901fe3e59d94d4abb265554,"Ganga River - Patna, Bihar - February 13, 2025",13 Feb 2025,Ganga,Patna,Bihar,25.6602239999999,84.932079
https://sandwatch.envmonitoring.in/published-page/caseReports?id=6901fe3e59d94d4abb265550,"Ganga River - Patna, Bihar - February 13, 2025",13 Feb 2025,Ganga,Patna,Bihar,25.6606689999999,84.9270439999999
https://sandwatch.envmonitoring.in/published-page/caseReports?id=6901fe3e59d94d4abb26554c,"Ganga River - Patna, Bihar - February 13, 2025",13 Feb 2025,Ganga,Patna,Bihar,25.662593,84.917929
https://sandwatch.envmonitoring.in/published-page/caseReports?id=6901fe3e59d94d4abb265548,"Ganga River - Patna, Bihar - February 13, 2025",13 Feb 2025,Ganga,Patna,Bihar,25.665634,84.909665
https://sandwatch.envmonitoring.in/published-page/caseReports?id=6901fe3e59d94d4abb265544,"Ganga River - Patna, Bihar - February 13, 2025",13 Feb 2025,Ganga,Patna,Bihar,25.667653,84.905629
https://sandwatch.envmonitoring.in/published-page/caseReports?id=6901fe3e59d94d4abb265540,"Ganga River - Patna, Bihar - February 13, 2025",13 Feb 2025,Ganga,Patna,Bihar,25.6723579999999,84.896293
https://sandwatch.envmonitoring.in/published-page/caseReports?id=6901fe3e59d94d4abb265534,"Ganga River - Patna, Bihar - February 13, 2025",13 Feb 2025,Ganga,Patna,Bihar,25.679818,84.886015
https://sandwatch.envmonitoring.in/published-page/caseReports?id=6901fe3e59d94d4abb265530,"Ganga River - Patna, Bihar - February 13, 2025",13 Feb 2025,Ganga,Patna,Bihar,25.68457,84.8808789999999
https://sandwatch.envmonitoring.in/published-page/caseReports?id=6901fe3e59d94d4abb26552c,"Ganga River - Patna, Bihar - February 13, 2025",13 Feb 2025,Ganga,Patna,Bihar,25.685997,84.879704
https://sandwatch.envmonitoring.in/published-page/caseReports?id=6901fe3e59d94d4abb265528,"Ganga River - Patna, Bihar - February 13, 2025",13 Feb 2025,Ganga,Patna,Bihar,25.691447,84.876033
https://sandwatch.envmonitoring.in/published-page/caseReports?id=6901fe3e59d94d4abb265524,"Ganga River - Patna, Bihar - February 13, 2025",13 Feb 2025,Ganga,Patna,Bihar,25.694606,84.875562
https://sandwatch.envmonitoring.in/published-page/caseReports?id=6901fe3e59d94d4abb265520,"Ganga River - Patna, Bihar - February 13, 2025",13 Feb 2025,Ganga,Patna,Bihar,25.698328,84.873416
https://sandwatch.envmonitoring.in/published-page/caseReports?id=6901fe3e59d94d4abb265510,"Ganga River - Patna, Bihar - February 13, 2025",13 Feb 2025,Ganga,Patna,Bihar,25.709502,84.8661859999999
https://sandwatch.envmonitoring.in/published-page/caseReports?id=6901fe3e59d94d4abb26550c,"Ganga River - Saran, Bihar - February 13, 2025",13 Feb 2025,Ganga,Saran,Bihar,25.71199,84.865165
https://sandwatch.envmonitoring.in/published-page/caseReports?id=6901fe3d59d94d4abb265504,"Ganga River - Saran, Bihar - February 13, 2025",13 Feb 2025,Ganga,Saran,Bihar,25.7197579999999,84.858699
https://sandwatch.envmonitoring.in/published-page/caseReports?id=6901fe3d59d94d4abb265500,"Ganga River - Saran, Bihar - February 13, 2025",13 Feb 2025,Ganga,Saran,Bihar,25.721508,84.856296
https://sandwatch.envmonitoring.in/published-page/caseReports?id=6901fe3d59d94d4abb2654fc,"Ganga River - Saran, Bihar - February 13, 2025",13 Feb 2025,Ganga,Saran,Bihar,25.72237,84.854112
https://sandwatch.envmonitoring.in/published-page/caseReports?id=6901fe3d59d94d4abb2654f8,"Ganga River - Saran, Bihar - February 13, 2025",13 Feb 2025,Ganga,Saran,Bihar,25.723759,84.8490079999999
https://sandwatch.envmonitoring.in/published-page/caseReports?id=6901fe3d59d94d4abb2654f4,"Ganga River - Saran, Bihar - February 13, 2025",13 Feb 2025,Ganga,Saran,Bihar,25.7241649999999,84.846096
https://sandwatch.envmonitoring.in/published-page/caseReports?id=6901fe3d59d94d4abb2654f0,"Ganga River - Saran, Bihar - February 13, 2025",13 Feb 2025,Ganga,Saran,Bihar,25.72472,84.8434189999999
https://sandwatch.envmonitoring.in/published-page/caseReports?id=6901fe3d59d94d4abb2654ec,"Ganga River - Saran, Bihar - February 13, 2025",13 Feb 2025,Ganga,Saran,Bihar,25.725356,84.841262
https://sandwatch.envmonitoring.in/published-page/caseReports?id=6901fe3d59d94d4abb2654e8,"Ganga River - Saran, Bihar - February 13, 2025",13 Feb 2025,Ganga,Saran,Bihar,25.726393,84.8381219999999
https://sandwatch.envmonitoring.in/published-page/caseReports?id=6901fe3d59d94d4abb2654e4,"Ganga River - Saran, Bihar - February 13, 2025",13 Feb 2025,Ganga,Saran,Bihar,25.7281289999999,84.83243
https://sandwatch.envmonitoring.in/published-page/caseReports?id=6901fe3d59d94d4abb2654e0,"Ganga River - Saran, Bihar - February 12, 2025",12 Feb 2025,Ganga,Saran,Bihar,25.726931,84.827539
https://sandwatch.envmonitoring.in/published-page/caseReports?id=6901fe3d59d94d4abb2654dc,"Ganga River - Saran, Bihar - February 12, 2025",12 Feb 2025,Ganga,Saran,Bihar,25.725694,84.813702
https://sandwatch.envmonitoring.in/published-page/caseReports?id=6901fe3d59d94d4abb2654d8,"Ganga River - Saran, Bihar - February 12, 2025",12 Feb 2025,Ganga,Saran,Bihar,25.7256399999999,84.813207
https://sandwatch.envmonitoring.in/published-page/caseReports?id=6901fe3d59d94d4abb2654d4,"Ganga River - Saran, Bihar - February 12, 2025",12 Feb 2025,Ganga,Saran,Bihar,25.7239119999999,84.802277
https://sandwatch.envmonitoring.in/published-page/caseReports?id=6901fe3d59d94d4abb2654d0,"Ganga River - Saran, Bihar - February 12, 2025",12 Feb 2025,Ganga,Saran,Bihar,25.7218389999999,84.792866
https://sandwatch.envmonitoring.in/published-page/caseReports?id=6901fe3d59d94d4abb2654cc,"Ganga River - Saran, Bihar - February 12, 2025",12 Feb 2025,Ganga,Saran,Bihar,25.7401909999999,84.7274879999999
https://sandwatch.envmonitoring.in/published-page/caseReports?id=6901fe3d59d94d4abb2654b8,"Ganga River - Ballia, Uttar Pradesh - February 12, 2025",12 Feb 2025,Ganga,Ballia,Uttar Pradesh,25.69807,84.486742
https://sandwatch.envmonitoring.in/published-page/caseReports?id=6901fe3d59d94d4abb2654b4,"Ganga River - Ballia, Uttar Pradesh - February 12, 2025",12 Feb 2025,Ganga,Ballia,Uttar Pradesh,25.6965509999999,84.4285959999999
https://sandwatch.envmonitoring.in/published-page/caseReports?id=6901fe3d59d94d4abb2654b0,"Ganga River - Ballia, Uttar Pradesh - February 12, 2025",12 Feb 2025,Ganga,Ballia,Uttar Pradesh,25.72098,84.1843889999999
https://sandwatch.envmonitoring.in/published-page/caseReports?id=6901fe3d59d94d4abb2654ac,"Ganga River - Ballia, Uttar Pradesh - February 11, 2025",11 Feb 2025,Ganga,Ballia,Uttar Pradesh,25.6003019999999,84.0008499999999
https://sandwatch.envmonitoring.in/published-page/caseReports?id=6901fe3d59d94d4abb2654a8,"Ganga River - Ballia, Uttar Pradesh - February 11, 2025",11 Feb 2025,Ganga,Ballia,Uttar Pradesh,25.596401,83.9942089999999
https://sandwatch.envmonitoring.in/published-page/caseReports?id=6901fe3d59d94d4abb2654a4,"Ganga River - Ghazipur, Uttar Pradesh - February 11, 2025",11 Feb 2025,Ganga,Ghazipur,Uttar Pradesh,25.519921,83.8759529999999
https://sandwatch.envmonitoring.in/published-page/caseReports?id=68a9b1916f751b000b9b462e,"Narmada River - Narmadapuram District, Madhya Pradesh - 01/01/2025",1 Jan 2025,Narmada,Narmadapuram,Madhya Pradesh,22.606,77.375
https://sandwatch.envmonitoring.in/published-page/caseReports?id=67c6d2ee01fb77000b4aa7f6,"River Mula - Pune, Maharashtra   | 31-12-24 to 04-03-2024",31 Dec 2024,Mula,Pune,Maharashtra,18.564444,73.793889
https://sandwatch.envmonitoring.in/published-page/caseReports?id=676a8645ff7406000b61ad79,"River Tawa - Hoshangabad, Madhya Pradesh, 19th Dec 2024",19 Dec 2024,Tawa,Narmadapuram,Madhya Pradesh,22.70923381395292,77.83666893492025
https://sandwatch.envmonitoring.in/published-page/caseReports?id=6901fe3d59d94d4abb26549c,"Gandak River - Saran, Bihar - December 2, 2024",2 Dec 2024,Gandak,Saran,Bihar,26.1458500195294,84.8977860063314
https://sandwatch.envmonitoring.in/published-page/caseReports?id=6901fe3d59d94d4abb2654a0,"Gandak River - Paschim Champaran, Bihar - November 25, 2024",25 Nov 2024,Gandak,Pashchim Champaran,Bihar,27.43881,83.906
https://sandwatch.envmonitoring.in/published-page/caseReports?id=6901fe3d59d94d4abb265498,"Gandak River - Paschim Champaran, Bihar - November 25, 2024",25 Nov 2024,Gandak,Pashchim Champaran,Bihar,27.4106829799711,83.8614429719746
https://sandwatch.envmonitoring.in/published-page/caseReports?id=6901fe3d59d94d4abb265494,"Gandak River - Paschim Champaran, Bihar - November 25, 2024",25 Nov 2024,Gandak,Pashchim Champaran,Bihar,27.4346869904547,83.8886929582804
https://sandwatch.envmonitoring.in/published-page/caseReports?id=6901fe3d59d94d4abb265490,"Rupnarayan River - Paschim Medinipur, West Bengal - November 14, 2024",14 Nov 2024,Rupnarayan,Paschim Medinipur,West Bengal,22.6395890302956,87.8013630118221
https://sandwatch.envmonitoring.in/published-page/caseReports?id=6901fe3d59d94d4abb26548c,"Rupnarayan River - Paschim Medinipur, West Bengal - November 14, 2024",14 Nov 2024,Rupnarayan,Paschim Medinipur,West Bengal,22.6485900208354,87.7988750115036
https://sandwatch.envmonitoring.in/published-page/caseReports?id=66bde1067c55ec000bed1f7a,"Kosi River - Saharsa, Bihar - 15th August 2024",15 Aug 2024,Kosi (Bihar),Saharsa,Bihar,25.70309099,86.54292704
https://sandwatch.envmonitoring.in/published-page/caseReports?id=6846957536eee6000b1588da,"River Lakshmantheertha, Kodagu, Karnataka - 4th May, 2024",4 May 2024,Kaveri,Kodagu,Karnataka,12.095812,76.02274
https://sandwatch.envmonitoring.in/published-page/caseReports?id=66d01b763360a7000b640655,"Gad River -  Sindhudurg, Maharashtra - April 2024",26 Apr 2024,Karli,Sindhudurg,Maharashtra,16.008992,73.605536
https://sandwatch.envmonitoring.in/published-page/caseReports?id=66d019623360a7000b640563,"Gad River - Sindhudurg, Maharashtra - 12th April 2024",12 Apr 2024,Gad,Sindhudurg,Maharashtra,16.150592,73.458183
https://sandwatch.envmonitoring.in/published-page/caseReports?id=66d01886aa87c1000b14c758,"Gad River - Sindhudurg, Maharashtra - 12th April 2024",12 Apr 2024,Gad,Sindhudurg,Maharashtra,16.157017,73.470469
https://sandwatch.envmonitoring.in/published-page/caseReports?id=68bff12f0b8f5fde50f7e60d,"Amba Jadeed, Sehore - Narmada River - 9th April 2024",9 Apr 2024,Narmada,Sehore,Madhya Pradesh,22.561081,77.320219
https://sandwatch.envmonitoring.in/published-page/caseReports?id=6604f1a40731cc000b9db19e,"Mandawar Village - Shamli District, Uttar Pradesh, Yamuna River - 22nd March 2024",22 Mar 2024,Yamuna,Shamli,Uttar Pradesh,29.45335,77.13004
https://sandwatch.envmonitoring.in/published-page/caseReports?id=66d0176aaa87c1000b14c5c8,"Gad River - Sindhudurg, Maharashtra - 15th March 2024",15 Mar 2024,Gad,Sindhudurg,Maharashtra,16.104036,73.4656
https://sandwatch.envmonitoring.in/published-page/caseReports?id=66cf15b13d0b5d000bb4dc80,"Chambal River - Morena, Madhya Pradesh - 15th March 2024",15 Mar 2024,Chambal,Morena,Madhya Pradesh,26.6922078,78.0010645
https://sandwatch.envmonitoring.in/published-page/caseReports?id=66cf14d23d0b5d000bb4dace,"Chambal River - Dholpur, Rajasthan - 15th March 2024",15 Mar 2024,Chambal,Dhaulpur,Rajasthan,26.708826,78.091674
https://sandwatch.envmonitoring.in/published-page/caseReports?id=66cf16bc3d0b5d000bb4dea5,"Chambal River - Dholpur, Rajasthan - 14th March 2024",14 Mar 2024,Chambal,Dhaulpur,Rajasthan,26.65962,77.950204
https://sandwatch.envmonitoring.in/published-page/caseReports?id=66cf12973d0b5d000bb4d4db,"Chambal River - Morena, Madhya Pradesh - 14th March 2024",14 Mar 2024,Chambal,Morena,Madhya Pradesh,26.6115281,77.8639336
https://sandwatch.envmonitoring.in/published-page/caseReports?id=66cf13193d0b5d000bb4d669,"Chambal River - Morena, Madhya Pradesh - 13th March 2024",13 Mar 2024,Chambal,Morena,Madhya Pradesh,26.6922078,78.0010645
https://sandwatch.envmonitoring.in/published-page/caseReports?id=65eedd0dbff054000b40220c,"Mining on the Ajay near Harinathpur, 12th March 2024",12 Mar 2024,Ajay,Barddhaman,West Bengal,23.598731,87.570317
https://sandwatch.envmonitoring.in/published-page/caseReports?id=65eed96ebff054000b401bdb,"Damodar River, Around Ajay Setu - 11th March 2024",11 Mar 2024,Damodar,Barddhaman,West Bengal,23.61615250523469,87.5259840615229
https://sandwatch.envmonitoring.in/published-page/caseReports?id=65f6bb5fc94ea7000b69724d,"Akalwara, Madhya Pradesh - Narmada River, 10th March 2024",10 Mar 2024,Narmada,Dhar,Madhya Pradesh,22.09227,75.01138
https://sandwatch.envmonitoring.in/published-page/caseReports?id=65eee0a6d2b7fe000b7dea17,"Damodar River, Aban Setu - 10th March 2024",10 Mar 2024,Damodar,Barddhaman,West Bengal,23.61702334810349,87.70157999207548
https://sandwatch.envmonitoring.in/published-page/caseReports?id=65eecf0b6afc6b000bde677a,"Damodar River, North East Bank Mining Site - 10th March 2024",10 Mar 2024,Damodar,Barddhaman,West Bengal,23.208027,87.858181
https://sandwatch.envmonitoring.in/published-page/caseReports?id=65eecec76afc6b000bde6641,"Bardhamann Upriver Sites, Damodar River - 9th March 2024",9 Mar 2024,Damodar,Barddhaman,West Bengal,23.23804207182051,87.78865952968788
https://sandwatch.envmonitoring.in/published-page/caseReports?id=65eec1a8746c8b000c18327e,Gopiballavpur East of Bridge,9 Mar 2024,Subarnarekha,Paschim Medinipur,West Bengal,22.219909,86.910117
https://sandwatch.envmonitoring.in/published-page/caseReports?id=65eec36c6afc6b000bde59d0,Mafia built bridge on Subernarekha,8 Mar 2024,Subarnarekha,Paschim Medinipur,West Bengal,22.15844199745963,87.055371561596
https://sandwatch.envmonitoring.in/published-page/caseReports?id=65eeba536afc6b000bde500b,Mining NW of Gopiballavpur Bridge,8 Mar 2024,Subarnarekha,Paschim Medinipur,West Bengal,22.22723,86.896543
https://sandwatch.envmonitoring.in/published-page/caseReports?id=65eeb74c746c8b000c1830b5,Kangsabati,8 Mar 2024,Kangsabati,Paschim Medinipur,West Bengal,22.469,87.085
https://sandwatch.envmonitoring.in/published-page/caseReports?id=65e820eb7b753c000ba6434a,"Kangsabati River - Gopinathpur, Paschim Medinipur District, West Bengal - 06.03.24",1 Mar 2024,Kangsabati,Paschim Medinipur,West Bengal,22.434972,87.518083
https://sandwatch.envmonitoring.in/published-page/caseReports?id=65df85cc4f2e58000bb2fe3d,"Village Mandawar - Shamli District, UP, Yamuna River - Feb 2024",28 Feb 2024,Yamuna,Shamli,Uttar Pradesh,29.455556,77.137222
https://sandwatch.envmonitoring.in/published-page/caseReports?id=68c0064a0debaa7bc35e0226,"Sisodra, Narmada District - Narmada River - 18th Feb 2024",18 Feb 2024,Narmada,Narmada,Gujarat,21.907764,73.346706
https://sandwatch.envmonitoring.in/published-page/caseReports?id=66d0135daa87c1000b14c3c5,"Gad River - Sindhudurg, Maharashtra - 10th February 2024",10 Feb 2024,Gad,Sindhudurg,Maharashtra,16.127786,73.462497
https://sandwatch.envmonitoring.in/published-page/caseReports?id=65b36cbdf92232000cfeb9df,"Mahi River - Khorwad, Anand District, Gujarat - 26.01.24",26 Jan 2024,Mahi,Anand,Gujarat,22.581877,73.151901
https://sandwatch.envmonitoring.in/published-page/caseReports?id=65b08c19960ad6000b663f3a,"Ib River - Jharsuguda District, Odisha - 11th January 2024",11 Jan 2024,Ib (Odisha),Jharsuguda,Odisha,21.929645,84.013167
https://sandwatch.envmonitoring.in/published-page/caseReports?id=65a279cb5214eb000cfa6a0c,Parbati - MP/Sheopur/Jalalpura - 2024/01/05,5 Jan 2024,Parbati (Chambal),Sheopur,Madhya Pradesh,25.709157,76.474932
https://sandwatch.envmonitoring.in/published-page/caseReports?id=65a2639a5214eb000cfa106f,Parbati - MP/Sheopur/Rundi - January 2024,3 Jan 2024,Parbati (Chambal),Sheopur,Madhya Pradesh,25.536358,76.518743
https://sandwatch.envmonitoring.in/published-page/caseReports?id=65a14a49fbf4fa000b468dcf,Parbati - MP/Sheopur/Rundi - January 2024,3 Jan 2024,Parbati,Sheopur,Madhya Pradesh,25.526994,76.518179
https://sandwatch.envmonitoring.in/published-page/caseReports?id=68c009debbe77d19eb85df14,"Chhipaner, Harda District -  Narmada River - 2nd Jan 2024",2 Jan 2024,Narmada,Harda,Madhya Pradesh,22.576946,77.167978
https://sandwatch.envmonitoring.in/published-page/caseReports?id=65a269a9f79f47000b54cbc4,Parbati - RJ/Baran/Bhaogarh - 2023/12,31 Dec 2023,Parbati (Chambal),Baran,Rajasthan,25.435959,76.581781
https://sandwatch.envmonitoring.in/published-page/caseReports?id=65a240e5847531000b50836f,Sand mining on Chambal near Railway Bridge - 23/12/2023,23 Dec 2023,Chambal,Morena,Madhya Pradesh,26.660322,77.949228
https://sandwatch.envmonitoring.in/published-page/caseReports?id=68c00edbbbe77d19eb85e333,"Khireti, Narsimhapur District - Narmada River - 18th Dec 2023",18 Dec 2023,Narmada,Narsimhapur,Madhya Pradesh,23.015669,78.554122
https://sandwatch.envmonitoring.in/published-page/caseReports?id=68c011a9bbe77d19eb85ea6d,"Sagda Jhapani, Jabalpur District - Narmada River - 11th Dec 2023",11 Dec 2023,Narmada,Jabalpur,Madhya Pradesh,23.006909,79.924278
https://sandwatch.envmonitoring.in/published-page/caseReports?id=65424d854153b3000bc65133,"Bhalkhajan - North Goa, Terekhol River, 2023",22 Oct 2023,Terekhol,North Goa,Goa,15.721386,73.73331
https://sandwatch.envmonitoring.in/published-page/caseReports?id=652f54ab4a64ad000b929fc1,"Village Mandawar - Shamli District, Yamuna River, 2023",16 Oct 2023,yamuna,Muzaffarnagar,Uttar Pradesh,29.451804,77.140333
https://sandwatch.envmonitoring.in/published-page/caseReports?id=67875330011642000be18b01,"Damodar River - Paschim Barddhaman, West Bengal - 11th July 2023",11 Jul 2023,Damodar,Barddhaman,West Bengal,23.642106,86.898646
https://sandwatch.envmonitoring.in/published-page/caseReports?id=68d77cf33e6c1068c9835f7d,"Banda District, UP - Ken River - 8th June 2023",8 Jun 2023,Ken,Banda,Uttar Pradesh,25.4532467,80.3083007
https://sandwatch.envmonitoring.in/published-page/caseReports?id=66d064c1f48ea7000ce03dab,"Ghaghra River - Ballia, Uttar Pradesh - 31st May 2023",31 May 2023,Ghaghra,Ballia,Uttar Pradesh,25.82478901,84.581514
https://sandwatch.envmonitoring.in/published-page/caseReports?id=66d06437f48ea7000ce03ce8,"Ghaghra River - Ballia, Uttar Pradesh - 31st May 2023",31 May 2023,Ghaghra,Ballia,Uttar Pradesh,25.85141203,84.49539598
https://sandwatch.envmonitoring.in/published-page/caseReports?id=66d06351f48ea7000ce03b3a,"Ghaghra River - Ballia, Uttar Pradesh - 31st May 2023",31 May 2023,Ghaghra,Ballia,Uttar Pradesh,25.864062,84.49459702
https://sandwatch.envmonitoring.in/published-page/caseReports?id=66d062c7f48ea7000ce03a77,"Ghaghra River - Ballia, Uttar Pradesh - 31st May 2023",31 May 2023,Ghaghra,Ballia,Uttar Pradesh,25.877048,84.44393604
https://sandwatch.envmonitoring.in/published-page/caseReports?id=66d0620af48ea7000ce0393f,"Ghaghra - Ballia, Uttar Pradesh - 31st May 2023",31 May 2023,Ghaghra,Ballia,Uttar Pradesh,25.87584402,84.43231696
https://sandwatch.envmonitoring.in/published-page/caseReports?id=66d05f05f48ea7000ce0349b,"Ghaghra River - Saran, Bihar - 31st May 2023",31 May 2023,Ghaghra,Saran,Bihar,25.76380799,84.65214402
https://sandwatch.envmonitoring.in/published-page/caseReports?id=66d05e4df48ea7000ce033e0,"Ghaghra River - Saran, Bihar - 31st May 2023",31 May 2023,Ghaghra,Saran,Bihar,25.76894903,84.64371803
https://sandwatch.envmonitoring.in/published-page/caseReports?id=66d05d79f48ea7000ce032ed,"Ghaghra River - Saran, Bihar - 31st May 2023",31 May 2023,Ghaghra,Saran,Bihar,25.81360697,84.59808804
https://sandwatch.envmonitoring.in/published-page/caseReports?id=66bf2cd7152ba1000bc1f092,"Ghaghra River - Saran district, Bihar - 31st May 2023",31 May 2023,Ghaghra,Saran,Bihar,25.80329496,84.61156203
https://sandwatch.envmonitoring.in/published-page/caseReports?id=66bf1d37152ba1000bc1db49,"Deoria district, Uttar Pradesh - Ghaghra river - 29th May 2023",29 May 2023,Ghaghra,Deoria,Uttar Pradesh,26.270301,83.706592
https://sandwatch.envmonitoring.in/published-page/caseReports?id=66d06180f48ea7000ce0385c,"Ghaghra River - Azamgarh, Uttar Pradesh - 28th May 2023",28 May 2023,Ghaghra,Azamgarh,Uttar Pradesh,26.25990702,83.42935796
https://sandwatch.envmonitoring.in/published-page/caseReports?id=66d060adf48ea7000ce03748,"Ghaghra River - Azamgarh, Uttar Pradesh - 28th May 2023",28 May 2023,Ghaghra,Azamgarh,Uttar Pradesh,26.26009,83.42750003
https://sandwatch.envmonitoring.in/published-page/caseReports?id=66bf1b15152ba1000bc1d933,"Gorakhpur district, Uttar Pradesh - Ghaghra river - 28th May 2023",28 May 2023,Ghaghra,Gorakhpur,Uttar Pradesh,26.28382201,83.413791
https://sandwatch.envmonitoring.in/published-page/caseReports?id=66bf1a08152ba1000bc1d7e7,"Ambedkar Nagar district, Uttar Pradesh - Ghaghra rive - 28th May 2023",28 May 2023,Ghaghra,Ambedkar Nagar,Uttar Pradesh,26.39364699,26.39364699
https://sandwatch.envmonitoring.in/published-page/caseReports?id=66bf1956078603000b9c489b,"Ambedkar Nagar district, Uttar Pradesh - Ghaghra River - 27nd May 2023",27 May 2023,Ghaghra,Ambedkar Nagar,Uttar Pradesh,26.50495598,82.93817198
https://sandwatch.envmonitoring.in/published-page/caseReports?id=66bf18df152ba1000bc1d64a,"Ambedkar Nagar district, Uttar Pradesh, Ghaghra River - 27th May 2023",27 May 2023,Ghaghra,Ambedkar Nagar,Uttar Pradesh,26.50495598,82.93817198
https://sandwatch.envmonitoring.in/published-page/caseReports?id=66bf17ea152ba1000bc1d4d7,"Sant Kabir Nagar district, Uttar Pradesh - Ghaghra River - 27th May 2023",27 May 2023,Ghaghra,Sant Kabir Nagar,Uttar Pradesh,26.50445902,82.93898402
https://sandwatch.envmonitoring.in/published-page/caseReports?id=66d0571bf48ea7000ce02ac4,"Ghaghra River - Bahraich, Uttar Pradesh - 22nd May 2023",22 May 2023,Ghaghra,Bahraich,Uttar Pradesh,27.18936503,81.48582696
https://sandwatch.envmonitoring.in/published-page/caseReports?id=66d05682f48ea7000ce02a0f,"Ghaghra River - Bahraich, Uttar Pradesh - 22nd May 2023",22 May 2023,Ghaghra,Bahraich,Uttar Pradesh,27.2837,81.42375302
https://sandwatch.envmonitoring.in/published-page/caseReports?id=66d054f4f48ea7000ce028a8,"Ghaghra River - Bahraich, Uttar Pradesh - 22nd May 2023",22 May 2023,Ghaghra,Bahraich,Uttar Pradesh,27.27556301,81.42106502
https://sandwatch.envmonitoring.in/published-page/caseReports?id=66bf01e6147fd5000bc22808,"Bahraich district, Uttar Pradesh - Ghaghra river -  22nd May 2023",22 May 2023,Ghaghra,Bahraich,Uttar Pradesh,27.27556301,81.42106502
https://sandwatch.envmonitoring.in/published-page/caseReports?id=66beff53ecaa57000b82599a,"Ghaghra River - Barabanki, Uttar Pradesh - 22nd May 2023",22 May 2023,Ghaghra,Bara Banki,Uttar Pradesh,27.30165403,81.40338499
https://sandwatch.envmonitoring.in/published-page/caseReports?id=66be047ecc0947000b70b64f,"Lakhimpur-Kheri, Uttar Pradesh - Ghaghra River - 22nd May 2023",22 May 2023,Ghaghra,Kheri,Uttar Pradesh,27.35596499,81.38454004
https://sandwatch.envmonitoring.in/published-page/caseReports?id=66bdfea07c55ec000bed2df6,"Lakhimpur-Kheri district, Uttar Pradesh - Ghaghra River - 20th May 2023",20 May 2023,Ghaghra,Kheri,Uttar Pradesh,28.16910197,81.08336904
https://sandwatch.envmonitoring.in/published-page/caseReports?id=64a6569c6f7fef000bcc68c6,"Paruhar - Sitamarhi, Sone River, 2023",24 Apr 2023,Sone,Sitamarhi,Bihar,24.98539879,84.281991086909
https://sandwatch.envmonitoring.in/published-page/caseReports?id=65a12f97a25eb0000be71c89,Chambal - RJ/Dhaulpur/Kathumra - February 2023,14 Feb 2023,Chambal,Dhaulpur,Rajasthan,26.683609,78.093335
https://sandwatch.envmonitoring.in/published-page/caseReports?id=65a129f5a25eb0000be7095e,Chambal - MP/Morena/Gorkha - February 2023,14 Feb 2023,Chambal,Morena,Madhya Pradesh,26.663009,77.966385
https://sandwatch.envmonitoring.in/published-page/caseReports?id=65a126f8a25eb0000be6fe7a,Chambal - RJ/Dhaulpur/Gher - February 2023,14 Feb 2023,Chambal,Dhaulpur,Rajasthan,26.660192,77.950878
https://sandwatch.envmonitoring.in/published-page/caseReports?id=65a12274a25eb0000be6ebe7,Chambal - MP/Morena/Bhanpur,14 Feb 2023,Chambal,Morena,Madhya Pradesh,26.658222,77.907204
https://sandwatch.envmonitoring.in/published-page/caseReports?id=651850221d0841000bf20f54,Chambal - MP/Morena/Barwasin-Kitauri - February 2023,14 Feb 2023,Chambal,Morena,Madhya Pradesh,26.608492,77.847149
https://sandwatch.envmonitoring.in/published-page/caseReports?id=65184faa1d0841000bf20ed4,Chambal - MP/Morena/Bharra - February 2023,13 Feb 2023,Chambal,Morena,Madhya Pradesh,26.402921,77.447971
https://sandwatch.envmonitoring.in/published-page/caseReports?id=65a10182548f57000b40d061,Chambal - RJ/Dhaulpur/Durgasi - February 2023,12 Feb 2023,Chambal,Dhaulpur,Rajasthan,26.358585,77.392398
https://sandwatch.envmonitoring.in/published-page/caseReports?id=65184fd21d0841000bf20f35,Chambal - MP/Morena/Sair ka Pura - February 2023,12 Feb 2023,Chambal,Morena,Madhya Pradesh,26.358539,77.395728
https://sandwatch.envmonitoring.in/published-page/caseReports?id=65184fb81d0841000bf20ef3,Chambal - MP/Morena/Batesra - February 2023,12 Feb 2023,Chambal,Morena,Madhya Pradesh,26.361257,77.422959
https://sandwatch.envmonitoring.in/published-page/caseReports?id=65a0f6fe5265b9000b0f0a47,Chambal - MP/Morena/Barotha - 2023,11 Feb 2023,Chambal,Morena,Madhya Pradesh,26.230972,77.143682
https://sandwatch.envmonitoring.in/published-page/caseReports?id=66bdfb554fee04000b52e094,"Bhagalpur district, Bihar - Kosi River - 9th Feb 2023",9 Feb 2023,Kosi (Bihar),Bhagalpur,Bihar,25.42146198,87.06254804
https://sandwatch.envmonitoring.in/published-page/caseReports?id=66bded33d8ba43000b5e5084,"Bhagalpur district, Bihar - Kosi River - 9th February 2023",9 Feb 2023,Kosi (Bihar),Bhagalpur,Bihar,25.42146198,87.06254804
https://sandwatch.envmonitoring.in/published-page/caseReports?id=66bdeba87c55ec000bed23db,"Kosi River - Bhagalpur, Bihar - 09th February 2023",9 Feb 2023,Kosi (Bihar),Bhagalpur,Bihar,25.42146198,87.06254804
https://sandwatch.envmonitoring.in/published-page/caseReports?id=66bdea637c55ec000bed22ed,"Bhagalpur district, Bihar - Kosi River - 09th February 2023",9 Feb 2023,Kosi (Bihar),Bhagalpur,Bihar,25.42146198,87.06254804
https://sandwatch.envmonitoring.in/published-page/caseReports?id=66bca63ec131a9000be372c6,"Saharsa district, Bihar - Kosi - 5th Feb 2023",5 Feb 2023,Kosi (Bihar),Saharsa,Bihar,25.70309099,86.54292704
https://sandwatch.envmonitoring.in/published-page/caseReports?id=65a62b85e19010000ca821d9,"River Sindh, Ludhari/Gwalior/Madhya Pradesh, 30.01.2022",30 Jan 2022,Sindh,Gwalior,Madhya Pradesh,25.738613,78.202066
https://sandwatch.envmonitoring.in/published-page/caseReports?id=65a9f4b9d9d8f8000b7302f9,"River Sindh, BadonKalan-Datia-Madhya Pradesh, 29.01.2022",29 Jan 2022,Sindh,Datia,Madhya Pradesh,25.796674,78.347624
https://sandwatch.envmonitoring.in/published-page/caseReports?id=65aa06f27edba9000b1c8452,"River Sindh, Laanch-Datia-Madhya Pradesh, 28.01.2022",28 Jan 2022,Sindh,Datia,Madhya Pradesh,25.923365,78.472876
https://sandwatch.envmonitoring.in/published-page/caseReports?id=65a9ff16ab7371000c89c608,"River Sindh, Tiletha-Datia-Madhya Pradesh, 28.01.2022",28 Jan 2022,Sindh,Datia,Madhya Pradesh,25.875422,78.419653
https://sandwatch.envmonitoring.in/published-page/caseReports?id=65c4afd05adc80000b3eb07a,"River Sindh, Khamroli-Datia-MP, 25.01.2022",25 Jan 2022,Sindh,Datia,Madhya Pradesh,26.11293,78.697848
https://sandwatch.envmonitoring.in/published-page/caseReports?id=65c4a7fe5adc80000b3e80f7,"River Sindh, Dobhiyai-Seondha-Datia district MP, 25.01.2022",25 Jan 2022,Sindh,Datia,Madhya Pradesh,26.107978,78.688301
https://sandwatch.envmonitoring.in/published-page/caseReports?id=65a61ccf8d907b000be042ca,River Sindh - Seondha District - 24.01.2022,24 Jan 2022,Sindh,Datia,Madhya Pradesh,26.161266,78.760793
https://sandwatch.envmonitoring.in/published-page/caseReports?id=6672ba950c7d53000ba47b35,"Yamuna river, Sector-125/126, NOIDA, Gautam Buddh Nagar, UP- 07.12.2021",7 Dec 2021,Yamuna,Gautam Buddha Nagar,Uttar Pradesh,,
https://sandwatch.envmonitoring.in/published-page/caseReports?id=66eae5f91699b9000b1c5588,"Mahananda River - Malda, West Bengal - 25th Nov 2021",25 Nov 2021,Mahananda,Maldah,West Bengal,25.24124402,87.86061502
https://sandwatch.envmonitoring.in/published-page/caseReports?id=66eae5171699b9000b1c548f,"Mahananda River - Katihar, Bihar - 23rd Nov 2021",23 Nov 2021,Mahananda,Katihar,Bihar,25.42790498,87.76583799
https://sandwatch.envmonitoring.in/published-page/caseReports?id=66d05cd3f48ea7000ce031be,"Mahananda River - Katihar, Bihar - 23rd November 2021",23 Nov 2021,Mahananda,Katihar,Bihar,25.428958,87.76604502
https://sandwatch.envmonitoring.in/published-page/caseReports?id=66d05c25f48ea7000ce030f2,"Mahananda River - Bihar, Katihar - 23rd November 2021",23 Nov 2021,Mahananda,Katihar,Bihar,25.42959896,87.76606799
https://sandwatch.envmonitoring.in/published-page/caseReports?id=66d05b2ff48ea7000ce02f82,"Mahananda River - Katihar, Bihar - 23rd November 2011",23 Nov 2021,Mahananda,Katihar,Bihar,25.43078198,87.76643001
https://sandwatch.envmonitoring.in/published-page/caseReports?id=66c4968ec78965000b466927,"Mahananda River - Katihar, Bihar - 23rd Nov 2021",23 Nov 2021,Mahananda,Katihar,Bihar,25.4279,87.76584
https://sandwatch.envmonitoring.in/published-page/caseReports?id=66bf584d75e491000b7c452e,"Purnia district, Bihar - Mahananda River - 20th November 2021",20 Nov 2021,Mahananda,Purnia,Bihar,25.86500304,87.80842602
https://sandwatch.envmonitoring.in/published-page/caseReports?id=66bf579675e491000b7c4346,"Mahananda River - Kishanganj, Bihar - 19th November 2021",19 Nov 2021,Mahananda,Kishanganj,Bihar,26.01919401,87.84528502
https://sandwatch.envmonitoring.in/published-page/caseReports?id=66d06c80f48ea7000ce047b6,"Mahananda River - Kishanganj, Bihar - 18th Nov 2021",18 Nov 2021,Mahananda,Kishanganj,Bihar,26.24328,88.00054796
https://sandwatch.envmonitoring.in/published-page/caseReports?id=66d06bd8f48ea7000ce046bc,"Mahananda River - Kishanganj, Bihar - 18th Nov 2021",18 Nov 2021,Mahananda,Kishanganj,Bihar,26.24476897,88.00136201
https://sandwatch.envmonitoring.in/published-page/caseReports?id=66d06b3df48ea7000ce045f0,"Mahananda River - Kishanganj, Bihar - 18th Nov 2021",18 Nov 2021,Mahananda,Kishanganj,Bihar,26.24535997,88.00239902
https://sandwatch.envmonitoring.in/published-page/caseReports?id=66d06a4af48ea7000ce0441e,"Mahananda - Kishanganj, Bihar - 18th Nov 2021",18 Nov 2021,Mahananda,Kishanganj,Bihar,26.24630604,87.945
https://sandwatch.envmonitoring.in/published-page/caseReports?id=66bf56d975e491000b7c425c,"Mahananda River - Kishanganj, Bihar - 18th November 2021",18 Nov 2021,Mahananda,Kishanganj,Bihar,26.24727599,88.00648302
https://sandwatch.envmonitoring.in/published-page/caseReports?id=66bf562275e491000b7c417a,"Mahananda River - Kishanganj, Bihar - 17th November 2021",17 Nov 2021,Mahananda,Kishanganj,Bihar,26.34102196,88.10750901
https://sandwatch.envmonitoring.in/published-page/caseReports?id=66bf555d75e491000b7c40a0,"Kishanganj, Bihar - Mahananda River - 17th November 2021",17 Nov 2021,Mahananda,Kishanganj,Bihar,26.36474904,88.12941603
https://sandwatch.envmonitoring.in/published-page/caseReports?id=66bf54a075e491000b7c3fc6,"Mahananda River - Kishanganj district, Bihar - 17th November 2021",17 Nov 2021,Mahananda,Kishanganj,Bihar,26.37092097,88.13649899
https://sandwatch.envmonitoring.in/published-page/caseReports?id=66d06f64f48ea7000ce04cb0,"Mahananda River - Darjeeling, West Bengal - 16th Nov 2021",16 Nov 2021,Mahananda,Darjiling / Darjeeling,West Bengal,26.47462598,88.262882
https://sandwatch.envmonitoring.in/published-page/caseReports?id=66d06e94f48ea7000ce04b03,"Mahananda River - Uttar Dinajpur, West Bengal - 16th Nov 2021",16 Nov 2021,Mahananda,Uttar Dinajpur,West Bengal,26.47715497,88.26720698
https://sandwatch.envmonitoring.in/published-page/caseReports?id=66d06dedf48ea7000ce04a3f,"Mahananda River - Darjeeling, West Bengal - 16th Nov 2021",16 Nov 2021,Mahananda,Darjiling / Darjeeling,West Bengal,26.45834799,88.24381904
https://sandwatch.envmonitoring.in/published-page/caseReports?id=66d06cfcf48ea7000ce04893,"Mahananda River - Darjeeling, West Bengal - 16th Nov 2021",16 Nov 2021,Mahananda,Darjiling / Darjeeling,West Bengal,26.46193603,88.246444
https://sandwatch.envmonitoring.in/published-page/caseReports?id=66d06034f48ea7000ce0367d,"Mahananda River - Darjeeling, West Bengal - 16th November 2021",16 Nov 2021,Mahananda,Darjiling / Darjeeling,West Bengal,26.49205397,88.30668901
https://sandwatch.envmonitoring.in/published-page/caseReports?id=66d05f85f48ea7000ce0355e,"Mahananda River - Darjeeling, West Bengal - 16th November 2021",16 Nov 2021,Mahananda,Darjiling / Darjeeling,West Bengal,26.49476401,88.30712898
https://sandwatch.envmonitoring.in/published-page/caseReports?id=66d05471f48ea7000ce027aa,"Mahananda River - Darjeeling, West Bengal - 16th November 2021",16 Nov 2021,Mahananda,Darjiling / Darjeeling,West Bengal,26.46885403,88.25479799
https://sandwatch.envmonitoring.in/published-page/caseReports?id=66d053e9f48ea7000ce026d5,"Mahananda River - Darjeeling, West Bengal - 16th November 2021",16 Nov 2021,Mahananda,Darjiling / Darjeeling,West Bengal,26.46991803,88.25588303
https://sandwatch.envmonitoring.in/published-page/caseReports?id=66d0530ef48ea7000ce025d5,"Mahananda River - Darjeeling, West Bengal - 16th November 2021",16 Nov 2021,Mahananda,Darjiling / Darjeeling,West Bengal,26.47227997,88.259186
https://sandwatch.envmonitoring.in/published-page/caseReports?id=66d05237f48ea7000ce0242d,"Mahananda River - Kishanganj, Bihar - 16th Nov 2021",16 Nov 2021,Mahananda,Kishanganj,Bihar,26.44168904,88.22719697
https://sandwatch.envmonitoring.in/published-page/caseReports?id=66d0515df48ea7000ce02311,"Mahananda River - Kishanganj, Bihar - 16th Nov 2021",16 Nov 2021,Mahananda,Kishanganj,Bihar,26.444644,88.22908902
https://sandwatch.envmonitoring.in/published-page/caseReports?id=66d0508df48ea7000ce021b8,"Mahananda River - Kishanganj, Bihar - 16th Nov 2021",16 Nov 2021,Mahananda,Kishanganj,Bihar,26.44535503,88.229618
https://sandwatch.envmonitoring.in/published-page/caseReports?id=66d04fbdf48ea7000ce020d7,"Mahananda River - Kishanganj, Bihar - 16th Nov 2021",16 Nov 2021,Mahananda,Kishanganj,Bihar,26.44677401,88.23098601
https://sandwatch.envmonitoring.in/published-page/caseReports?id=66d04e1df48ea7000ce02003,"Mahananda River - Kishanganj, Bihar - 16th Nov 2021",16 Nov 2021,Mahananda,Kishanganj,Bihar,26.44877804,88.23448302
https://sandwatch.envmonitoring.in/published-page/caseReports?id=66bf53ff75e491000b7c3eec,"Mahananda River - Kishanganj, Bihar - 16th November 2021",16 Nov 2021,Mahananda,Kishanganj,Bihar,26.43718603,88.21010099
https://sandwatch.envmonitoring.in/published-page/caseReports?id=66bf535875e491000b7c3e1a,"Kishanganj district, Bihar - Mahananda Rover - 16th November 2021",16 Nov 2021,Mahananda,Kishanganj,Bihar,26.43763798,88.21507196
https://sandwatch.envmonitoring.in/published-page/caseReports?id=66bf528775e491000b7c3cc6,"Mahananda River - Kishanganj district, Bihar - 16th November 2021",16 Nov 2021,Mahananda,Kishanganj,Bihar,26.43804199,88.22248802
https://sandwatch.envmonitoring.in/published-page/caseReports?id=66bf519775e491000b7c3bec,"Mahananda River - Kishanganj district, Bihar - 16th November 2021",16 Nov 2021,Mahananda,Kishanganj,Bihar,26.43895201,88.22440504
https://sandwatch.envmonitoring.in/published-page/caseReports?id=66bf50d675e491000b7c3b02,"Mahananda River - Kishanganj district, Bihar - 16th November 2021",16 Nov 2021,Mahananda,Kishanganj,Bihar,26.44097297,88.22670504
https://sandwatch.envmonitoring.in/published-page/caseReports?id=66bf4db775e491000b7c3a18,"Mahananda River - Kishanganj district, Bihar - 16th November 2021",16 Nov 2021,Mahananda,Kishanganj,Bihar,26.447967,88.23284998
https://sandwatch.envmonitoring.in/published-page/caseReports?id=66bf48ed75e491000b7c371a,"Mahananda River - Darjeeling district, West Bengal - 16th November 2021",16 Nov 2021,Mahananda,Darjiling / Darjeeling,West Bengal,26.45176501,88.24002799
https://sandwatch.envmonitoring.in/published-page/caseReports?id=66bf483875e491000b7c362f,"Mahananda River - Darjeeling, West Bengal - 16th November 2021",16 Nov 2021,Mahananda,Darjiling / Darjeeling,West Bengal,26.45419098,88.24226998
https://sandwatch.envmonitoring.in/published-page/caseReports?id=66bf46d775e491000b7c3416,"Darjeeling district, West Bengal - Mahananda River - 16th November 2021",16 Nov 2021,Mahananda,Darjiling / Darjeeling,West Bengal,26.46543397,88.250213
https://sandwatch.envmonitoring.in/published-page/caseReports?id=66bf440d75e491000b7c307f,"Darjeeling district, West Bengal - Mahananda River - 16th November 2021",16 Nov 2021,Mahananda,Darjiling / Darjeeling,West Bengal,26.46681799,88.25216196
https://sandwatch.envmonitoring.in/published-page/caseReports?id=66bf401475e491000b7c2a4c,"Uttar Dinajpur district, West Bengal - Mahananda River, 16th November 2021",16 Nov 2021,Mahananda,Uttar Dinajpur,West Bengal,26.48028703,88.26862402
https://sandwatch.envmonitoring.in/published-page/caseReports?id=66bf3f3975e491000b7c28b7,"Mahananda River - Uttar Dinajpur district, West Bengal - 16th November 2021",16 Nov 2021,Mahananda,Uttar Dinajpur,West Bengal,26.48078903,88.26961904
https://sandwatch.envmonitoring.in/published-page/caseReports?id=66bf3cbcfd3c28000c129fac,"Mahananda River - Uttar Dinajpur, West Bengal - 16th November 2021",16 Nov 2021,Mahananda,Uttar Dinajpur,West Bengal,26.47997104,88.27374796
https://sandwatch.envmonitoring.in/published-page/caseReports?id=66bf3bc1fd3c28000c129e88,"Mahananda River - Darjeeling, West Bengal - 16th November 2021",16 Nov 2021,Mahananda,Darjiling / Darjeeling,West Bengal,26.49021599,88.29519197
https://sandwatch.envmonitoring.in/published-page/caseReports?id=66bf3aeafd3c28000c129d30,"Mahananda - Uttar Dinajpur district, West Bengal - 16th November 2021",16 Nov 2021,Mahananda,Uttar Dinajpur,West Bengal,26.48652803,88.30663302
https://sandwatch.envmonitoring.in/published-page/caseReports?id=66bf3a13fd3c28000c129c5d,"Mahananda River - Uttar Dinajpur, West Bengal - 16th November 2021",16 Nov 2021,Mahananda,Uttar Dinajpur,West Bengal,26.48742699,88.30671902
https://sandwatch.envmonitoring.in/published-page/caseReports?id=66bf3890fd3c28000c129a6f,"Mahananda River - Darjeeling district, West Bengal - 16th November 2021",16 Nov 2021,Mahananda,Darjiling / Darjeeling,West Bengal,26.49132198,88.30675296
https://sandwatch.envmonitoring.in/published-page/caseReports?id=66bf37cbfd3c28000c129991,"Mahananda River - Darjeeling district, West Bengal - 16th November 2021",16 Nov 2021,Mahananda,Darjiling / Darjeeling,West Bengal,26.49731998,88.31488199
https://sandwatch.envmonitoring.in/published-page/caseReports?id=66bf36abfd3c28000c1298bc,"Mahananda River - Darjeeling, West Bengal - 16th November 2021",16 Nov 2021,Mahananda,Darjiling / Darjeeling,West Bengal,26.49731998,88.31488199
https://sandwatch.envmonitoring.in/published-page/caseReports?id=64a654b76f7fef000bcc66a6,"Bhubaneswar - Khorda, Daya River, 2019",17 Nov 2019,Daya,Khordha,Odisha,20.226477,85.86709
https://sandwatch.envmonitoring.in/published-page/caseReports?id=64c5258b3f6031000bca556c,"Najiran Deutikhanda - Cooch Behar, Sankosh River, 2019",12 Mar 2019,Sankosh,Cooch Behar,West Bengal,26.463822,89.85844
https://sandwatch.envmonitoring.in/published-page/caseReports?id=64c523c63f6031000bca545e,"Paschim Chakchaka - Jalpaiguri, Raidak River, 2019",12 Mar 2019,Raidak,Jalpaiguri,West Bengal,26.719843,89.10066
https://sandwatch.envmonitoring.in/published-page/caseReports?id=64c5223e3f6031000bca5345,"Dangapara - Jalpaiguri, Koli River, 2019",7 Mar 2019,Koli,Jalpaiguri,West Bengal,26.719843,89.10066
https://sandwatch.envmonitoring.in/published-page/caseReports?id=64c520b43f6031000bca525b,"Mal - Jalpaiguri, Chel River, 2019",4 Mar 2019,chel,Jalpaiguri,West Bengal,26.85531,88.635905
https://sandwatch.envmonitoring.in/published-page/caseReports?id=64c51ee93f6031000bca5117,"Oodlabari - Jalpaiguri, Gish River, 2019",4 Mar 2019,Gish,Jalpaiguri,West Bengal,26.872018,88.609413
https://sandwatch.envmonitoring.in/published-page/caseReports?id=64c51dba3f6031000bca5034,"Sevoke - Darjeeling, Teesta River, 2019",4 Mar 2019,Teesta,Darjiling,West Bengal,26.886512,88.476403
https://sandwatch.envmonitoring.in/published-page/caseReports?id=64c51c203f6031000bca4e1f,"Matigara - Darjeeling, Balasan River, 2019",3 Mar 2019,Balason,Darjiling,West Bengal,26.721201,88.375048
https://sandwatch.envmonitoring.in/published-page/caseReports?id=64c51b1e3f6031000bca4d36,"Chitalghata - Uttar Dinajpur, Mahananda, 2019",21 Feb 2019,Mahananda,Uttar Dinajpur,West Bengal,26.468203,88.256996
https://sandwatch.envmonitoring.in/published-page/caseReports?id=64c5194e3f6031000bca4c65,"Nilakanthapada - Angul, Mahanadi River, 2019",21 Feb 2019,Mahanadi,Anugul,Odisha,20.745748,84.474042
https://sandwatch.envmonitoring.in/published-page/caseReports?id=64c51382ff6909000b23c6a1,"Kharka - Jalaun, Betwa River, 2018",17 Oct 2018,Betwa,Jalaun,Uttar Pradesh,25.889008,79.579011
https://sandwatch.envmonitoring.in/published-page/caseReports?id=66bf35a1fd3c28000c1297d2,"Gandak River - Muzaffarpur, Bihar - 20th November 2017",20 Nov 2017,Gandak,Muzaffarpur,Bihar,26.29051303,84.83086598
https://sandwatch.envmonitoring.in/published-page/caseReports?id=66bf33a2a400f7000b0bbfa0,"Gandak River - Gopalganj, Bihar - 18th November 2017",18 Nov 2017,Gandak,Gopalganj,Bihar,26.56499002,84.44784796
https://sandwatch.envmonitoring.in/published-page/caseReports?id=66bf325ba400f7000b0bbc7b,"Gandak River - Kushinagar district, Uttar Pradesh - 18th November 2017",18 Nov 2017,Gandak,Kushinagar,Uttar Pradesh,26.62630004,84.38403502
https://sandwatch.envmonitoring.in/published-page/caseReports?id=66d058dbf48ea7000ce02cd9,"Gandak River - Paschim Champaran, Bihar - 12th November 2017",12 Nov 2017,Gandak,Pashchim Champaran,Bihar,27.42278301,83.86529898
https://sandwatch.envmonitoring.in/published-page/caseReports?id=66d05806f48ea7000ce02c26,"Gandak River - Paschim Champaran, Bihar - 12th November 2017",12 Nov 2017,Gandak,Pashchim Champaran,Bihar,27.43596003,83.89735096
https://sandwatch.envmonitoring.in/published-page/caseReports?id=65194534d3cac5000b919747,"Bacchera Khera - Chattarpur, Ken River, 2017",17 Oct 2017,Ken,Chhatarpur,Madhya Pradesh,25.166259,80.420791
https://sandwatch.envmonitoring.in/published-page/caseReports?id=6512f82a1e9690000b67378d,"Akbarpur Girwan - Banda, Ken River, 2017",15 Oct 2017,Ken,Banda,Uttar Pradesh,25.271699713915016,80.35770589951008
https://sandwatch.envmonitoring.in/published-page/caseReports?id=6512f3203b7a18000b24637e,"Hateti Purva - Banda, Ken River, 2017",24 Jun 2017,Ken,Banda,Uttar Pradesh,25.427121,80.29581
https://sandwatch.envmonitoring.in/published-page/caseReports?id=6512e9e3122a62000b25b7aa,"Rehutan - Banda, Ken River, 2017",18 Jun 2017,Ken,Banda,Uttar Pradesh,25.704834,80.36839
https://sandwatch.envmonitoring.in/published-page/caseReports?id=64d4d12a993c51000b23ed4e,"Patna District - Sone River, 2017",2 Mar 2017,Sone,Patna,Bihar,25.532245,84.773178
https://sandwatch.envmonitoring.in/published-page/caseReports?id=66bf3461fd3c28000c1296d8,"Gandak River - Muzzafarpur, Bihar - 20th January 2017",20 Jan 2017,Gandak,Muzaffarpur,Bihar,26.2968333,84.8268667
https://sandwatch.envmonitoring.in/published-page/caseReports?id=64a5a155de2e89000b57dff9,"Terasiya - Vaishali, Ganga River, 2016",7 Aug 2016,Ganga,Vaishali,Bihar,25.630869,85.210855
https://sandwatch.envmonitoring.in/published-page/caseReports?id=64a5a05ede2e89000b57deb9,"Patna - Patna, Ganga River, 2016",3 Aug 2016,Ganga,Patna,Bihar,25.64982,85.103437
https://sandwatch.envmonitoring.in/published-page/caseReports?id=64a59df0de2e89000b57dd12,"Nrisinghapur - Nadia / Bhagirathi (Ganga) River, 2016",19 Jun 2016,Ganga,Nadia,West Bengal,23.224999,88.375872
https://sandwatch.envmonitoring.in/published-page/caseReports?id=64994562350302000bcf61c2,"Tribeni - Hooghly / Bhagirathi River, 2016",17 Jun 2016,Ganga,Murshidabad,West Bengal,22.973344,88.405614
https://sandwatch.envmonitoring.in/published-page/caseReports?id=64a59a054faf21000b08e199,"Chandannagar - Hooghly / Bhagirathi (Ganga) River, 2016",16 Jun 2016,Ganga,Hugli,West Bengal,22.858211,88.372509
https://sandwatch.envmonitoring.in/published-page/caseReports?id=64a668c524da4c000b15c30f,"Bindaul - Patna, Sone River, 2016",3 Jun 2016,Sone,Patna,Bihar,25.532245,84.773178
https://sandwatch.envmonitoring.in/published-page/caseReports?id=671cbfd4c0b93f000b7a27e5,"Kaveri River - Kodagu, Karnataka - 9th April 2013",9 Apr 2013,Kaveri,Kodagu,Karnataka,12.30003333,75.74178333
https://sandwatch.envmonitoring.in/published-page/caseReports?id=671cbd874b98d5000bdf6448,"Kaveri River - Kodagu, Karnataka - 9th April 2013",9 Apr 2013,Kaveri,Kodagu,Karnataka,12.29965,75.7404
https://sandwatch.envmonitoring.in/published-page/caseReports?id=671cbbca4b98d5000bdf545b,"Kaveri River - Kodagu, Karnataka - 09th April 2013",9 Apr 2013,Kaveri,Kodagu,Karnataka,12.2976,75.74593333
https://sandwatch.envmonitoring.in/published-page/caseReports?id=671cba385ff870000b8a9334,"Kaveri River - Kodagu, Karnataka - 08th April 2013",8 Apr 2013,Kaveri,Kodagu,Karnataka,12.29883333,75.72075
https://sandwatch.envmonitoring.in/published-page/caseReports?id=671cb7a118748d000b848732,"Kaveri River,  Kodagu, Karnataka - 8th April 2013",8 Apr 2013,Kaveri,Kodagu,Karnataka,12.3128,75.7032
https://sandwatch.envmonitoring.in/published-page/caseReports?id=671cb5b718748d000b847d5c,"Kaveri River, Kodagu, Karnataka, 8th April 2013",8 Apr 2013,Kaveri,Kodagu,Karnataka,12.31936667,75.69701667
https://sandwatch.envmonitoring.in/published-page/caseReports?id=671caed6a8db9d000cc899c2,"Kaveri River - Kodagu, Karnataka - 08th April 2013",8 Apr 2013,Kaveri,Kodagu,Karnataka,12.31936667,75.69791667
https://sandwatch.envmonitoring.in/published-page/caseReports?id=671c9f8bfa7d2a000bf5adc4,Kaveri River - Kodagu District - 08th April 2013,8 Apr 2013,Kaveri,Kodagu,Karnataka,12.32088333,75.69748333
https://sandwatch.envmonitoring.in/published-page/caseReports?id=671c9dd8b90f49000b5f8f67,"Kaveri River - Kodagu, Karnataka - 08th April 2024",8 Apr 2013,Kaveri,Kodagu,Karnataka,12.32205,75.69591667
https://sandwatch.envmonitoring.in/published-page/caseReports?id=671c9ca8b90f49000b5f86dd,"Kaveri River - Kodagu, Karnataka - 06th April 2013",6 Apr 2013,Kaveri,Kodagu,Karnataka,12.3328,75.8797
https://sandwatch.envmonitoring.in/published-page/caseReports?id=671c9af3b90f49000b5f7709,"Kaveri River - Kodagu, Karnataka - 06th April 2013",6 Apr 2013,Kaveri,Kodagu,Karnataka,12.30621667,75.87155
https://sandwatch.envmonitoring.in/published-page/caseReports?id=671c99a3b90f49000b5f6de2,"Kaveri River - Kodagu, Karnataka - 04th April 2013",4 Apr 2013,Kaveri,Kodagu,Karnataka,12.3053,75.86815
https://sandwatch.envmonitoring.in/published-page/caseReports?id=671c9852fa7d2a000bf59af9,"Kaveri River - Kodagu, Karnataka - 04th April 2013",4 Apr 2013,Kaveri,Kodagu,Karnataka,12.3417,75.885767
https://sandwatch.envmonitoring.in/published-page/caseReports?id=671c96f5364fbe000bded4e0,"Kaveri River - Kodagu, Karnataka - 04th April 2013",4 Apr 2013,Kaveri,Kodagu,Karnataka,12.32088333,75.88786667
https://sandwatch.envmonitoring.in/published-page/caseReports?id=671c95ae364fbe000bdec8e3,"Kaveri River - Kodagu, Karnataka - 04th April 2013",4 Apr 2013,Kaveri,Kodagu,Karnataka,12.31965,75.88653333
https://sandwatch.envmonitoring.in/published-page/caseReports?id=671c93b7fa7d2a000bf58735,"Kaveri River - Kodagu, Karnataka - 04th April 2013",4 Apr 2013,Kaveri,Kodagu,Karnataka,12.3188,75.885117
https://sandwatch.envmonitoring.in/published-page/caseReports?id=671c8e48fc9789000b126d13,"Kaveri River - Kodagu, Karnataka - 04th April 2013",4 Apr 2013,Kaveri,Kodagu,Karnataka,12.31758333,75.867
https://sandwatch.envmonitoring.in/published-page/caseReports?id=65a0db0c324974000bd90b9b,"Chambal sand mining - Morena, Madhya Pradesh - 14 Jan 2012",14 Jan 2012,Chambal,Morena,Madhya Pradesh,26.65406,77.90158
https://sandwatch.envmonitoring.in/published-page/caseReports?id=65a0dc58324974000bd91ae1,Chambal sand mining: 13 Jan 2012,13 Jan 2012,Chambal,Dhaulpur,Rajasthan,26.66455,77.9504
https://sandwatch.envmonitoring.in/published-page/caseReports?id=66d0699bf48ea7000ce04363,"Gandak River - Muzaffarpur, Bihar - 22nd Jan 2021",22 Jan 2010,Gandak,Muzaffarpur,Bihar,26.2968333,84.8268667
https://sandwatch.envmonitoring.in/published-page/caseReports?id=66d06895f48ea7000ce0416d,"Gandak River - Muzaffarpur, Bihar - 22nd Jan 2010",22 Jan 2010,Gandak,Muzaffarpur,Bihar,26.30325,84.8243333
https://sandwatch.envmonitoring.in/published-page/caseReports?id=66d067f5f48ea7000ce03fde,"Gandak River - Gopalganj, Bihar - 21st Jan 2010",21 Jan 2010,Gandak,Gopalganj,Bihar,26.3625667,84.7453333
https://sandwatch.envmonitoring.in/published-page/caseReports?id=66d06736f48ea7000ce03f0d,"Gandak River - Gopalganj, Bihar - 21st Jan 2010",21 Jan 2010,Gandak,Gopalganj,Bihar,26.4087333,84.7380833
https://sandwatch.envmonitoring.in/published-page/caseReports?id=66d05a50f48ea7000ce02ebe,"Gandak River - Paschim Champaran, Bihar - 14th January 2010",14 Jan 2010,Gandak,Pashchim Champaran,Bihar,27.1164333,84.06825
https://sandwatch.envmonitoring.in/published-page/caseReports?id=66d0596af48ea7000ce02d94,"Gandak River - Paschim Champaran, Bihar - 14th January 2010",14 Jan 2010,Gandak,Pashchim Champaran,Bihar,27.1296833,84.0359667
